Element         ,I1_1    ,Ang1_1 ,I1_2    ,Ang1_2 ,I1_3       ,Ang1_3  ,I1_4        ,Ang1_4 ,Iresid1      ,AngResid1 ,I2_1    ,Ang2_1 ,I2_2    ,Ang2_2 ,I2_3         ,Ang2_3  ,I2_4         ,Ang2_4 ,Iresid2      , AngResid2
Vsource.SOURCE  ,211.609 ,165.34 ,212.69  ,-13.90 ,3.01091    ,-125.32 ,0           ,0.00   ,4.0461E-006  ,-45.00    ,211.609 ,-14.66 ,212.69  ,166.10 ,3.01091      ,54.68   ,0            ,0.00   ,4.0461E-006  ,   135.00
Transformer.TX1 ,211.611 ,-14.66 ,212.698 ,166.10 ,3.0183     ,54.61   ,6.1843E-010 ,171.05 ,6.35529E-014 ,153.43    ,612.203 ,165.81 ,612.201 ,-14.19 ,0.00278852   ,30.16   ,1.33062E-010 ,-59.84 ,2.27374E-013 ,   180.00
Line.LINE1      ,211.609 ,-14.66 ,212.69  ,166.10 ,3.01091    ,54.68   ,0           ,0.00   ,6.19472E-010 ,-9.12     ,211.611 ,165.34 ,212.698 ,-13.90 ,3.0183       ,-125.39 ,0            ,0.00   ,6.17604E-010 ,   170.89
Line.LINE2      ,612.203 ,-14.19 ,612.201 ,165.81 ,0.00278852 ,-149.84 ,0           ,0.00   ,1.34723E-010 ,-59.81    ,612.202 ,165.81 ,612.202 ,-14.19 ,4.68743E-013 ,-75.96  ,0            ,0.00   ,1.34355E-010 ,   120.45
Fault.B3AB      ,612.202 ,-14.19 ,0       ,0.00   ,0          ,0.00    ,0           ,0.00   ,612.202      ,-14.19    ,612.202 ,165.81 ,0       ,0.00   ,0            ,0.00    ,0            ,0.00   ,612.202      ,   165.81
