Element          ,I1_1    ,Ang1_1 ,I1_2    ,Ang1_2  ,I1_3    ,Ang1_3  ,I1_4         ,Ang1_4 ,Iresid1      ,AngResid1 ,I2_1    ,Ang2_1 ,I2_2    ,Ang2_2  ,I2_3    ,Ang2_3  ,I2_4         ,Ang2_4 ,Iresid2      , AngResid2
Vsource.SOURCE   ,244.987 ,135.71 ,244.987 ,15.71   ,244.987 ,-104.29 ,0            ,0.00   ,5.82054E-006 ,-34.99    ,244.987 ,-44.29 ,244.987 ,-164.29 ,244.987 ,75.71   ,0            ,0.00   ,5.82054E-006 ,   145.01
Transformer.TX1  ,244.992 ,-44.29 ,244.992 ,-164.29 ,244.992 ,75.71   ,6.59589E-008 ,179.39 ,7.10543E-014 ,-36.87    ,706.975 ,135.81 ,706.975 ,15.81   ,706.975 ,-104.19 ,1.90399E-007 ,-0.61  ,1.42109E-013 ,   -53.13
Line.LINE1       ,244.987 ,-44.29 ,244.987 ,-164.29 ,244.987 ,75.71   ,0            ,0.00   ,6.59641E-008 ,-0.61     ,244.992 ,135.71 ,244.992 ,15.71   ,244.992 ,-104.29 ,0            ,0.00   ,6.59651E-008 ,   179.39
Line.LINE2       ,706.975 ,-44.19 ,706.975 ,-164.19 ,706.975 ,75.81   ,0            ,0.00   ,1.90398E-007 ,-0.61     ,706.975 ,135.81 ,706.975 ,15.81   ,706.975 ,-104.19 ,0            ,0.00   ,1.90398E-007 ,   179.39
Fault.B3BALANCED ,706.975 ,-44.19 ,706.975 ,-164.19 ,706.975 ,75.81   ,0            ,0.00   ,1.90399E-007 ,-0.61     ,706.975 ,135.81 ,706.975 ,15.81   ,706.975 ,-104.19 ,0            ,0.00   ,1.90399E-007 ,   179.39
