Bus, BasekV, Node1, Magnitude1, Angle1, pu1, Node2, Magnitude2, Angle2, pu2, Node3, Magnitude3, Angle3, pu3
"SOURCEBUS", 11, 1,    6350.85,    0.0,         1, 2,    6350.85, -120.0,         1, 3,    6350.85,  120.0,         1
"1", 11, 1,    5102.05,    5.5,   0.80336, 2,    6091.76, -114.5,    0.9592, 3,    5677.59,  117.9,   0.89399
"2", 4, 1,    441.297,  -12.2,   0.19109, 2,    2018.16, -115.6,   0.87389, 3,    1861.64,  116.7,   0.80611
"3", 4, 1,  0.0767809,  -47.8, 3.3247E-005, 2,    2049.94, -113.2,   0.88765, 3,    1719.44,  116.8,   0.74454
